<application>
  <component name="ProjectManager">
    <defaultProject>
      <component name="MavenImportPreferences">
        <option name="generalSettings">
          <MavenGeneralSettings>
            <option name="customMavenHome" value="$USER_HOME$/Applications/maven/apache-maven-3.9.9" />
            <option name="localRepository" value="$USER_HOME$/Applications/maven/repo" />
            <option name="mavenHomeTypeForPersistence" value="CUSTOM" />
            <option name="userSettingsFile" value="$USER_HOME$/Applications/maven/apache-maven-3.9.9/conf/settings.xml" />
          </MavenGeneralSettings>
        </option>
      </component>
      <component name="ProjectViewState">
        <option name="hideEmptyMiddlePackages" value="true" />
        <option name="showExcludedFiles" value="false" />
        <option name="showLibraryContents" value="true" />
      </component>
      <component name="PropertiesComponent">{
  &quot;keyToString&quot;: {
    &quot;settings.editor.selected.configurable&quot;: &quot;MavenSettings&quot;
  }
}</component>
      <component name="VcsDirectoryMappings" defaultProject="true" />
      <component name="WindowStateProjectService">
        <state x="746" y="268" width="424" height="490" key="FileChooserDialogImpl" timestamp="1733616626800">
          <screen x="0" y="0" width="1920" height="1160" />
        </state>
        <state x="746" y="268" width="424" height="490" key="FileChooserDialogImpl/0.0.1920.1160" timestamp="1733616626800" />
        <state x="460" y="138" width="1001" height="735" key="SettingsEditor" timestamp="1733616631107">
          <screen x="0" y="0" width="1920" height="1160" />
        </state>
        <state x="460" y="138" width="1001" height="735" key="SettingsEditor/0.0.1920.1160" timestamp="1733616631107" />
        <state x="560" y="150" width="800" height="708" key="new project wizard" timestamp="1732666318841">
          <screen x="0" y="0" width="1920" height="1160" />
        </state>
        <state x="560" y="150" width="800" height="708" key="new project wizard/0.0.1920.1160" timestamp="1732666318841" />
      </component>
      <component name="masterDetails">
        <states>
          <state key="ProjectJDKs.UI">
            <settings>
              <last-edited>23</last-edited>
              <splitter-proportions>
                <option name="proportions">
                  <list>
                    <option value="0.2" />
                  </list>
                </option>
              </splitter-proportions>
            </settings>
          </state>
        </states>
      </component>
    </defaultProject>
  </component>
</application>