<application>
  <component name="Trusted.Paths">
    <option name="TRUSTED_PROJECT_PATHS">
      <map>
        <entry key="$USER_HOME$/Java/gombi" value="true" />
        <entry key="$USER_HOME$/Java/gombi/projects" value="true" />
        <entry key="$USER_HOME$/Java/kafka-consumer" value="true" />
        <entry key="$USER_HOME$/Java/periscope" value="true" />
        <entry key="$USER_HOME$/Java/periscope/remal-commons" value="true" />
        <entry key="$USER_HOME$/Java/periscope/remal-customer-service" value="true" />
        <entry key="$USER_HOME$/Java/periscope/remal-periscope" value="true" />
        <entry key="$USER_HOME$/Java/periscope/remal-periscope-telegram-endpoint" value="true" />
        <entry key="$USER_HOME$/Workspace/Java/kafka-consumer" value="true" />
        <entry key="$USER_HOME$/workspace/Java/hello/hello" value="true" />
      </map>
    </option>
  </component>
</application>