<application>
  <component name="DimensionService">
    <location key="find.popup.0.0.3840.2400@192dpi" x="774" y="368" />
    <size key="find.popup.0.0.3840.2400@192dpi" width="2522" height="1692" />
    <size key="GridCell.Tab.0.right.0.0.3840.2400@192dpi" width="3676" height="788" />
    <size key="GridCell.Tab.0.left.0.0.3840.2400@192dpi" width="3676" height="788" />
    <size key="GridCell.Tab.0.center.0.0.3840.2400@192dpi" width="3676" height="788" />
    <size key="GridCell.Tab.0.bottom.0.0.3840.2400@192dpi" width="3676" height="788" />
    <size key="GridCell.Tab.1.left.0.0.3840.2400@192dpi" width="3676" height="788" />
    <size key="GridCell.Tab.1.center.0.0.3840.2400@192dpi" width="3676" height="788" />
    <size key="GridCell.Tab.1.right.0.0.3840.2400@192dpi" width="3676" height="788" />
    <size key="GridCell.Tab.1.bottom.0.0.3840.2400@192dpi" width="3676" height="788" />
    <size key="GridCell.Tab.2.left.0.0.3840.2400@192dpi" width="3676" height="836" />
    <size key="GridCell.Tab.2.center.0.0.3840.2400@192dpi" width="3676" height="836" />
    <size key="GridCell.Tab.2.right.0.0.3840.2400@192dpi" width="3676" height="836" />
    <size key="GridCell.Tab.2.bottom.0.0.3840.2400@192dpi" width="3676" height="836" />
    <size key="GridCell.Tab.3.left.0.0.3840.2400@192dpi" width="3676" height="836" />
    <size key="GridCell.Tab.3.center.0.0.3840.2400@192dpi" width="3676" height="836" />
    <size key="GridCell.Tab.3.right.0.0.3840.2400@192dpi" width="3676" height="836" />
    <size key="GridCell.Tab.3.bottom.0.0.3840.2400@192dpi" width="3676" height="836" />
    <size key="GridCell.Tab.4.left.0.0.3840.2400@192dpi" width="3676" height="836" />
    <size key="GridCell.Tab.4.center.0.0.3840.2400@192dpi" width="3676" height="836" />
    <size key="GridCell.Tab.4.right.0.0.3840.2400@192dpi" width="3676" height="836" />
    <size key="GridCell.Tab.4.bottom.0.0.3840.2400@192dpi" width="3676" height="836" />
    <size key="GridCell.Tab.5.left.0.0.3840.2400@192dpi" width="3676" height="836" />
    <size key="GridCell.Tab.5.center.0.0.3840.2400@192dpi" width="3676" height="836" />
    <size key="GridCell.Tab.5.right.0.0.3840.2400@192dpi" width="3676" height="836" />
    <size key="GridCell.Tab.5.bottom.0.0.3840.2400@192dpi" width="3676" height="836" />
  </component>
  <component name="WindowManager">
    <frame x="240" y="-2" width="1440" height="870" extendedState="6" />
  </component>
  <component name="WindowStateApplicationService">
    <state x="746" y="259" width="525" height="490" key="FileChooserDialogImpl" timestamp="1733698590721">
      <screen x="0" y="0" width="1920" height="1160" />
    </state>
    <state x="746" y="259" width="525" height="490" key="FileChooserDialogImpl/0.0.1920.1160" timestamp="1733698590721" />
    <state width="568" height="139" key="ShowUsagesActions.dimensionServiceKey" timestamp="1736878208608">
      <screen x="0" y="0" width="1920" height="1160" />
    </state>
    <state width="568" height="139" key="ShowUsagesActions.dimensionServiceKey/0.0.1920.1160" timestamp="1736878208608" />
    <state x="960" y="495" width="800" height="650" key="WELCOME_SCREEN" timestamp="1737162980720">
      <screen x="0" y="0" width="1920" height="1160" />
    </state>
    <state x="960" y="495" width="800" height="650" key="WELCOME_SCREEN/0.0.1920.1160" timestamp="1737162980720" />
  </component>
</application>